{
  "rule": 30,
  "metrics_per_realization": {
    "TV_t": [
      0.48958333333333326,
      0.48958333333333326,
      0.48958333333333326,
      0.48958333333333326,
      0.48958333333333326
    ],
    "TV_tau": [
      0.2569172200537755,
      0.2569172200537755,
      0.2569172200537755,
      0.2569172200537755,
      0.2569172200537755
    ],
    "L_t": [
      988.0002081128516,
      988.0002081128516,
      988.0002081128516,
      988.0002081128516,
      988.0002081128516
    ],
    "L_tau": [
      4.436088024818355,
      4.436088024818355,
      4.436088024818355,
      4.436088024818355,
      4.436088024818355
    ]
  }
}