{
  "rule": 110,
  "metrics_per_realization": {
    "TV_t": [
      0.78515625,
      0.78515625,
      0.78515625,
      0.78515625,
      0.78515625
    ],
    "TV_tau": [
      0.39640943531842915,
      0.39640943531842915,
      0.39640943531842915,
      0.39640943531842915,
      0.39640943531842915
    ],
    "L_t": [
      988.000489976283,
      988.000489976283,
      988.000489976283,
      988.000489976283,
      988.000489976283
    ],
    "L_tau": [
      4.466068195699381,
      4.466068195699381,
      4.466068195699381,
      4.466068195699381,
      4.466068195699381
    ]
  }
}