{
  "metrics_per_realization": {
    "TV_S_t": [
      2.165713914337007,
      2.493876558218665,
      2.4836595217104436
    ],
    "TV_S_tau": [
      2.1556212930903436,
      2.4882999676165927,
      2.472004222833237
    ],
    "L_S_t": [
      10.392616790660735,
      10.604665667984534,
      10.505183576475751
    ],
    "L_S_tau": [
      10.391768153793084,
      10.603812535036075,
      10.503834671924082
    ],
    "TV_M_t": [
      0.2271830848360301,
      0.15050980209074583,
      0.1934261262352377
    ],
    "TV_M_tau": [
      0.22354387351117672,
      0.14733430463015829,
      0.19054812774253885
    ],
    "L_M_t": [
      9.903845947190604,
      9.901561133258312,
      9.902863939953221
    ],
    "L_M_tau": [
      9.903761052415733,
      9.901517075052098,
      9.902799032151023
    ],
    "K_SM_t": [
      24.875749594470808,
      25.999153559004533,
      27.588470130920967
    ],
    "K_SM_tau": [
      28.31591850608712,
      29.82732671164727,
      180.9100352662307
    ]
  }
}