{
  "metrics_per_realization": {
    "TV_S_t": [
      2.9441616635734995
    ],
    "TV_S_tau": [
      2.9441616635734995
    ],
    "L_S_t": [
      6.678088995044725
    ],
    "L_S_tau": [
      6.677897747867036
    ],
    "TV_M_t": [
      0.11423743300499511
    ],
    "TV_M_tau": [
      0.11403415210901653
    ],
    "L_M_t": [
      5.901540812292067
    ],
    "L_M_tau": [
      5.901525544745455
    ],
    "K_SM_t": [
      1.246695427304807
    ],
    "K_SM_tau": [
      1.0598825852085842
    ]
  }
}