{
  "metrics_per_realization": {
    "TV_S_t": [
      3.461735649017461,
      3.249659741302108,
      3.335519205991477,
      3.133703812635512,
      2.692031337166162
    ],
    "TV_S_tau": [
      3.442164186109072,
      3.208649033302835,
      3.3040305891565107,
      3.119645278256815,
      2.6522951092657503
    ],
    "L_S_t": [
      20.708003462118796,
      20.695217360225286,
      20.672915856273555,
      20.66151125512264,
      20.40047117078778
    ],
    "L_S_tau": [
      20.70711740266437,
      20.69279098461359,
      20.670695842039013,
      20.66065079058203,
      20.398569062951417
    ],
    "TV_M_t": [
      0.24248034734849722,
      0.13721540214362526,
      0.2470011764727857,
      0.24010530099992722,
      0.3465229684986489
    ],
    "TV_M_tau": [
      0.23116279296256237,
      0.13203908733685005,
      0.23112494348670426,
      0.23084067111343365,
      0.3279801050271993
    ],
    "L_M_t": [
      19.902400412948154,
      19.900917126101973,
      19.902218940833784,
      19.902861751251827,
      19.904692110192585
    ],
    "L_M_tau": [
      19.90226985210254,
      19.900833664666497,
      19.901993512949588,
      19.90267796173179,
      19.90432649898522
    ],
    "K_SM_t": [
      59.28527510450843,
      123.59906120413333,
      68.27287425164317,
      56.11162857593057,
      76.28887351796138
    ],
    "K_SM_tau": [
      35.81305378042196,
      118.69608435664226,
      45.06205563876884,
      30.398078290842765,
      42.022235665378695
    ]
  }
}