{
  "metrics_per_realization": {
    "TV_t": [
      11308.0,
      12112.0,
      11912.0,
      13860.0,
      12124.0
    ],
    "TV_tau": [
      4145.488529214024,
      4755.457345253283,
      4452.898820277765,
      5766.83520237076,
      4726.964572429017
    ],
    "L_t": [
      51711.686396023986,
      52027.22279568566,
      51828.09134139764,
      52599.374638043635,
      51997.6069587487
    ],
    "L_tau": [
      4145.505670480822,
      4755.517885610303,
      4453.017716705488,
      5766.977876894485,
      4727.123819655619
    ]
  }
}