{
  "metrics_per_realization": {
    "TV_S_t": [
      2.927217146694062,
      2.880683513358705,
      2.523548089241048
    ],
    "TV_S_tau": [
      2.913105075744247,
      2.866115790962758,
      2.4913989539867982
    ],
    "L_S_t": [
      15.636711921800316,
      15.6675252214997,
      15.438384525479595
    ],
    "L_S_tau": [
      15.635093441524633,
      15.66634518404334,
      15.436545633219112
    ],
    "TV_M_t": [
      0.22424734002156455,
      0.182229663051102,
      0.23638040234029528
    ],
    "TV_M_tau": [
      0.21159923897787777,
      0.17397304606283406,
      0.22974949097907552
    ],
    "L_M_t": [
      14.902478087304532,
      14.901759939648738,
      14.903450284327256
    ],
    "L_M_tau": [
      14.902243735111472,
      14.901619689707422,
      14.9032005281456
    ],
    "K_SM_t": [
      34.272957816685484,
      41.980439345275784,
      32.065810385163985
    ],
    "K_SM_tau": [
      21.790917330985017,
      35.4570795863632,
      20.250325842655343
    ]
  }
}