{
  "metrics_per_realization": {
    "TV_S_t": [
      3.0547006331750097,
      3.051253303679802,
      3.076720958021924,
      2.784950692936523,
      2.53971589661531
    ],
    "TV_S_tau": [
      3.0347027699539684,
      3.0126394284192894,
      3.0218701472705147,
      2.7556637806300732,
      2.5175522449870193
    ],
    "L_S_t": [
      20.612213432569753,
      20.624572481916793,
      20.59696568162664,
      20.412313763271232,
      20.360678198619496
    ],
    "L_S_tau": [
      20.610530087996928,
      20.6225667867312,
      20.59325206909035,
      20.410936079802806,
      20.358633310582885
    ],
    "TV_M_t": [
      0.33592179049166465,
      0.270840380453783,
      0.23364907284501585,
      0.256561754331458,
      0.44479537578734046
    ],
    "TV_M_tau": [
      0.3191618485440073,
      0.2613560676086759,
      0.21307178056711656,
      0.24850333720254927,
      0.423304621521863
    ],
    "L_M_t": [
      19.904353103411168,
      19.90300925285018,
      19.902155802206735,
      19.902682515599174,
      19.908999854619307
    ],
    "L_M_tau": [
      19.903999320160946,
      19.902794148991646,
      19.901793131728148,
      19.90251070721203,
      19.908109851319036
    ],
    "K_SM_t": [
      92.43475475353713,
      83.16427256828575,
      272.8207119111961,
      84.30872636103314,
      57.2459346543956
    ],
    "K_SM_tau": [
      239.93790391286382,
      45.746637016392,
      77.71738395584416,
      2848.0696741662828,
      93.90917239716937
    ]
  }
}