{
  "metrics_per_realization": {
    "TV_S_t": [
      2.4542693002806826,
      2.631440978710723,
      2.784820275082064
    ],
    "TV_S_tau": [
      2.4476600769738264,
      2.6226677208308655,
      2.7733974681023836
    ],
    "L_S_t": [
      12.479251234109395,
      12.589123143794556,
      12.536735202889687
    ],
    "L_S_tau": [
      12.478100314662308,
      12.58836833897471,
      12.534835500480934
    ],
    "TV_M_t": [
      0.20454615853521269,
      0.2815912110551835,
      0.2721231910499453
    ],
    "TV_M_tau": [
      0.2000796847563338,
      0.277500357715586,
      0.26869263534711385
    ],
    "L_M_t": [
      11.9028504644704,
      11.904704878076963,
      11.906164481540173
    ],
    "L_M_tau": [
      11.902730235337126,
      11.904590172743898,
      11.90582176329127
    ],
    "K_SM_t": [
      34.796494307371304,
      31.46773316249846,
      49.292450993197555
    ],
    "K_SM_tau": [
      46.182378120756084,
      33.439591472038586,
      215.8158896158532
    ]
  }
}