{
  "metrics_per_realization": {
    "TV_S_t": [
      1.8362985787904493,
      2.333156566185631,
      2.4395453518479515
    ],
    "TV_S_tau": [
      1.8253517616629082,
      2.31754542918066,
      2.3955535153744907
    ],
    "L_S_t": [
      10.292914987093331,
      10.379749103565672,
      10.485712306854172
    ],
    "L_S_tau": [
      10.290511077142563,
      10.375529156811194,
      10.478737952768048
    ],
    "TV_M_t": [
      0.9532958864702954,
      0.40375709527997383,
      0.7709600969810316
    ],
    "TV_M_tau": [
      0.937789375339506,
      0.40028645290946085,
      0.7628188929433469
    ],
    "L_M_t": [
      9.96879139571425,
      9.911134920538114,
      9.952867999964813
    ],
    "L_M_tau": [
      9.967052307311132,
      9.910871311612537,
      9.951379199281368
    ],
    "K_SM_t": [
      29.859352837179898,
      29.663850941762576,
      46.97414776730423
    ],
    "K_SM_tau": [
      31.374435861947084,
      39.46757676167707,
      29.899272435852055
    ]
  }
}